Estacio,nom_cabina,codi_dtes,zqa,codi_eoi,Longitud,Latitud,ubicacio,Codi_districte,Nom_districte,Codi_barri,Nom_barri,Clas_1,Clas_2,Codi_Contaminant
4,Barcelona - Poblenou,I2,1,8019004,2.2045,41.4039,Plaça Josep Trueta (Pujades - Lope de Vega),10,Sant Marti,68,el Poblenou,Urbana,Fons,8
4,Barcelona - Poblenou,I2,1,8019004,2.2045,41.4039,Plaça Josep Trueta (Pujades - Lope de Vega),10,Sant Marti,68,el Poblenou,Urbana,Fons,10
4,Barcelona - Poblenou,I2,1,8019004,2.2045,41.4039,Plaça Josep Trueta (Pujades - Lope de Vega),10,Sant Marti,68,el Poblenou,Urbana,Fons,7
4,Barcelona - Poblenou,I2,1,8019004,2.2045,41.4039,Plaça Josep Trueta (Pujades - Lope de Vega),10,Sant Marti,68,el Poblenou,Urbana,Fons,12
43,Barcelona - Eixample,IH,1,8019043,2.1538,41.3853,Av. Roma - c/ Comte Urgell,5,Eixample,9,la Nova Esquerra de l'Eixample,Urbana,Trànsit,8
43,Barcelona - Eixample,IH,1,8019043,2.1538,41.3853,Av. Roma - c/ Comte Urgell,5,Eixample,9,la Nova Esquerra de l'Eixample,Urbana,Trànsit,9
43,Barcelona - Eixample,IH,1,8019043,2.1538,41.3853,Av. Roma - c/ Comte Urgell,5,Eixample,9,la Nova Esquerra de l'Eixample,Urbana,Trànsit,14
43,Barcelona - Eixample,IH,1,8019043,2.1538,41.3853,Av. Roma - c/ Comte Urgell,5,Eixample,9,la Nova Esquerra de l'Eixample,Urbana,Trànsit,10
43,Barcelona - Eixample,IH,1,8019043,2.1538,41.3853,Av. Roma - c/ Comte Urgell,5,Eixample,9,la Nova Esquerra de l'Eixample,Urbana,Trànsit,1
43,Barcelona - Eixample,IH,1,8019043,2.1538,41.3853,Av. Roma - c/ Comte Urgell,5,Eixample,9,la Nova Esquerra de l'Eixample,Urbana,Trànsit,6
43,Barcelona - Eixample,IH,1,8019043,2.1538,41.3853,Av. Roma - c/ Comte Urgell,5,Eixample,9,la Nova Esquerra de l'Eixample,Urbana,Trànsit,7
43,Barcelona - Eixample,IH,1,8019043,2.1538,41.3853,Av. Roma - c/ Comte Urgell,5,Eixample,9,la Nova Esquerra de l'Eixample,Urbana,Trànsit,12
