"Tram","Descripció","Coordenades"
1,"Diagonal (Ronda de Dalt a Doctor Marañón)","2.11203535639414,41.3841912394771,2.101502862881051,41.3816307921222"
2,"Diagonal (Doctor Marañón a Ronda de Dalt)","2.111944376806616,41.38446666680338,2.101594089443895,41.38186790291103"
3,"Diagonal (Doctor Marañón a Pl. Pius XII)","2.112093343037027,41.38422850920645,2.122649794166167,41.38692960796057"
4,"Diagonal (Pl. Pius XII a Doctor Marañón)","2.122592049318304,41.38719094189204,2.111969021588291,41.38445704285778"
5,"Diagonal (Pl. Pius XII a Pl. Maria Cristina)","2.122657659295115,41.38694195794678,2.127559612359478,41.38817909013056"
6,"Diagonal (Pl. Maria Cristina a Pl. Pius XII)","2.127445471496177,41.38841486943499,2.122601820492673,41.38719847624933"
7,"Diagonal (Pl. Maria Cristina a Numància)","2.132701524574889,41.38946673844387,2.127548902616105,41.3881628082935"
8,"Diagonal (Numància a Pl. Maria Cristina)","2.132462297581474,41.38967891982529,2.127462190288747,41.38844003409361"
9,"Diagonal (Entença a Francesc Macià)","2.137322638833081,41.39061820620348,2.143943917307527,41.39234585341213,2.144178386272171,41.39250864877888"
10,"Diagonal (Francesc Macià a Entença)","2.144060999786239,41.39265861540969,2.13711452171746,41.39083087775898"
11,"González Tablas (Av. Esplugues a Av. Diagonal)","2.106107491366136,41.38722368650431,2.110432299706766,41.38505714728355,2.110724277630485,41.38422626929014"
12,"Av. Esplugues (Ronda de Dalt a Av. Pedralbes)","2.106273928148852,41.38713992518994,2.108115369440142,41.38924473340872,2.108207609226092,41.3893000960994,2.108318044589166,41.38935527262985,2.108307223483015,41.38942315929257,2.11123335089245,41.39134199806694,2.111441616446272,41.39154425931103,2.111570307038015,41.39175218595495,2.111644036434663,41.39194609598651,2.112065350779475,41.39378512329073"
