"codi_estacio","codi_variable","data_lectura","valor_lectura"
"X4","30","2026-10-09T18:30:00.000","1.7"
"X4","31","2026-10-09T18:30:00.000","39"
"X4","32","2026-10-09T18:30:00.000","18.5"
"X4","33","2026-10-09T18:30:00.000","55"
"X4","34","2026-10-09T18:30:00.000","1016.3"
"X4","35","2026-10-09T18:30:00.000","0"
"X4","36","2026-10-09T18:30:00.000","-1"
"D5","30","2026-10-09T18:30:00.000","2.5"
"D5","31","2026-10-09T18:30:00.000","30"
"D5","32","2026-10-09T18:30:00.000","13.9"
"D5","33","2026-10-09T18:30:00.000","68"
"D5","34","2026-10-09T18:30:00.000","972.3"
"D5","35","2026-10-09T18:30:00.000","0"
"D5","36","2026-10-09T18:30:00.000","-2"
"X4","30","2026-10-09T18:00:00.000","1.6"
"X4","31","2026-10-09T18:00:00.000","45"
